{
  "configuration_1" : {
    "transaction" : "configuration_1",
    "sampleCount" : 160,
    "errorCount" : 160,
    "errorPct" : 100.0,
    "meanResTime" : 812.0187500000002,
    "medianResTime" : 806.0,
    "minResTime" : 754.0,
    "maxResTime" : 1107.0,
    "pct1ResTime" : 850.5,
    "pct2ResTime" : 895.95,
    "pct3ResTime" : 1082.5999999999995,
    "throughput" : 1.4511681903932665,
    "receivedKBytesPerSec" : 0.3273631367000435,
    "sentKBytesPerSec" : 0.22249356044115512
  },
  "Total" : {
    "transaction" : "Total",
    "sampleCount" : 160,
    "errorCount" : 160,
    "errorPct" : 100.0,
    "meanResTime" : 812.0187500000002,
    "medianResTime" : 806.0,
    "minResTime" : 754.0,
    "maxResTime" : 1107.0,
    "pct1ResTime" : 850.5,
    "pct2ResTime" : 895.95,
    "pct3ResTime" : 1082.5999999999995,
    "throughput" : 1.4511681903932665,
    "receivedKBytesPerSec" : 0.3273631367000435,
    "sentKBytesPerSec" : 0.22249356044115512
  }
}